0,WHAT DAY _ FALL ON,*,*,<srai>whatday</srai>,whatday_eng.aiml
0,WHAT DAY _ FALL ON *,*,*,<srai>whatday</srai>,whatday_eng.aiml
0,WHAT DAY WILL *,*,*,<srai>whatday</srai>,whatday_eng.aiml
0,WHAT DAY DOES *,*,*,<srai>whatday</srai>,whatday_eng.aiml
0,WHAT DAY WAS *,*,*,<srai>whatday</srai>,whatday_eng.aiml
0,WHAT DAY DID *,*,*,<srai>whatday</srai>,whatday_eng.aiml
0,WHAT DAY OF THE WEEK *,*,*,<srai>what day<star/></srai>,whatday_eng.aiml
0,WHAT DAY OF THE WEEK IS *,*,*,<srai>whatday</srai>,whatday_eng.aiml
0,WHATDAY,*,*,Enter a date between 1753 and 2299 and I will tell you what day it falls on.<br/>Dates must be entered in the following format: dd/mm/yyyy.<br/><br/>Please enter your date.,whatday_eng.aiml
0,_ _ _,PLEASE ENTER YOUR DATE,*,<think>#Newline	<set name="date"><star/></set>#Newline	<set name="month"><star index="2"/></set>#Newline	<set name="masteryear"><star index="3"/></set>#Newline	<srai>XCHECKMONTH</srai>#Newline	<srai>XSPLITYEAR</srai>#Newline	<srai>XPADDATE</srai>#Newline	<srai>XADDYEAR</srai>#Newline	<srai>XADDMONTH</srai>#Newline	<srai>XADDCENTURY</srai>#Newline	<condition name="month">#Newline		<li value="01"><srai>XSUBLEAPYEAR</srai></li>#Newline		<li value="02"><srai>XSUBLEAPYEAR</srai></li>#Newline	</condition>#Newline	<srai>XADDDATE</srai>#Newline	<set name="datenum"><get name="date"/></set>#Newline	<srai>XCONVERTDAY</srai>#Newline</think>#Newline<condition>#Newline  <li name="year" value="*">#NewlineThe<get name="date"/>of<get name="month"/><get name="masteryear"/>is a<get name="day"/>.<br/><br/>#NewlineOn this day in history<get name="month"/><get name="datenum"/>:<br/><br/>#Newline<srai><get name="month"/><get name="datenum"/></srai></li>#Newline  <li>Sorry<get name="name"/>but<get name="masteryear"/>is not between 1753 and 2299. The date MUST be between 1753 and 2299 and entered in dd/mm/yyyy format otherwise I cannot work it out.<br/>Please enter your date.</li>#Newline</condition>,whatday_eng.aiml
0,XCHECKMONTH,*,*,<think>#Newline	<condition name="month">#Newline		<li value="JANUARY"><set name="month">01</set></li>#Newline		<li value="FEBRUARY"><set name="month">02</set></li>#Newline		<li value="MARCH"><set name="month">03</set></li>#Newline		<li value="APRIL"><set name="month">04</set></li>#Newline		<li value="MAY"><set name="month">05</set></li>#Newline		<li value="JUNE"><set name="month">06</set></li>#Newline		<li value="JULY"><set name="month">07</set></li>#Newline		<li value="AUGUST"><set name="month">08</set></li>#Newline		<li value="SEPTEMBER"><set name="month">09</set></li>#Newline		<li value="OCTOBER"><set name="month">10</set></li>#Newline		<li value="NOVEMBER"><set name="month">11</set></li>#Newline		<li value="DECEMBER"><set name="month">12</set></li>#Newline		<li value="JAN"><set name="month">01</set></li>#Newline		<li value="FEB"><set name="month">02</set></li>#Newline		<li value="MAR"><set name="month">03</set></li>#Newline		<li value="APR"><set name="month">04</set></li>#Newline		<li value="JUN"><set name="month">06</set></li>#Newline		<li value="JUL"><set name="month">07</set></li>#Newline		<li value="AUG"><set name="month">08</set></li>#Newline		<li value="SEP"><set name="month">09</set></li>#Newline		<li value="SEPT"><set name="month">09</set></li>#Newline		<li value="OCT"><set name="month">10</set></li>#Newline		<li value="NOV"><set name="month">11</set></li>#Newline		<li value="DEC"><set name="month">12</set></li>#Newline	</condition>#Newline</think>,whatday_eng.aiml
0,XPADDATE,*,*,<think>#Newline	<condition name="date">#Newline		<li value="1"><set name="date">01</set></li>#Newline		<li value="2"><set name="date">02</set></li>#Newline		<li value="3"><set name="date">03</set></li>#Newline		<li value="4"><set name="date">04</set></li>#Newline		<li value="5"><set name="date">05</set></li>#Newline		<li value="6"><set name="date">06</set></li>#Newline		<li value="7"><set name="date">07</set></li>#Newline		<li value="8"><set name="date">08</set></li>#Newline		<li value="9"><set name="date">09</set></li>#Newline	</condition>#Newline	<set name="datenum"><get name="date"/></set>#Newline	<condition name="month">#Newline		<li value="1"><set name="month">01</set></li>#Newline		<li value="2"><set name="month">02</set></li>#Newline		<li value="3"><set name="month">03</set></li>#Newline		<li value="4"><set name="month">04</set></li>#Newline		<li value="5"><set name="month">05</set></li>#Newline		<li value="6"><set name="month">06</set></li>#Newline		<li value="7"><set name="month">07</set></li>#Newline		<li value="8"><set name="month">08</set></li>#Newline		<li value="9"><set name="month">09</set></li>#Newline	</condition>#Newline</think>,whatday_eng.aiml
0,XADDYEAR,*,*,<think>#Newline	<condition name="year">#Newline		<li value="00"><set name="day">0</set></li>#Newline		<li value="01"><set name="day">1</set></li> #Newline		<li value="02"><set name="day">2</set></li> #Newline		<li value="03"><set name="day">3</set></li> #Newline		<li value="04"><set name="day">5</set></li> #Newline		<li value="05"><set name="day">6</set></li> #Newline		<li value="06"><set name="day">0</set></li> #Newline		<li value="07"><set name="day">1</set></li> #Newline		<li value="08"><set name="day">3</set></li> #Newline		<li value="09"><set name="day">4</set></li> #Newline		<li value="10"><set name="day">5</set></li>#Newline		<li value="11"><set name="day">6</set></li> #Newline		<li value="12"><set name="day">1</set></li> #Newline		<li value="13"><set name="day">2</set></li> #Newline		<li value="14"><set name="day">3</set></li> #Newline		<li value="15"><set name="day">4</set></li> #Newline		<li value="16"><set name="day">6</set></li> #Newline		<li value="17"><set name="day">0</set></li> #Newline		<li value="18"><set name="day">1</set></li> #Newline		<li value="19"><set name="day">2</set></li> #Newline		<li value="20"><set name="day">4</set></li>#Newline		<li value="21"><set name="day">5</set></li> #Newline		<li value="22"><set name="day">6</set></li> #Newline		<li value="23"><set name="day">0</set></li> #Newline		<li value="24"><set name="day">2</set></li> #Newline		<li value="25"><set name="day">3</set></li> #Newline		<li value="26"><set name="day">4</set></li> #Newline		<li value="27"><set name="day">5</set></li> #Newline		<li value="28"><set name="day">0</set></li> #Newline		<li value="29"><set name="day">1</set></li> #Newline		<li value="30"><set name="day">2</set></li> #Newline		<li value="31"><set name="day">3</set></li> #Newline		<li value="32"><set name="day">5</set></li> #Newline		<li value="33"><set name="day">6</set></li> #Newline		<li value="34"><set name="day">0</set></li> #Newline		<li value="35"><set name="day">1</set></li> #Newline		<li value="36"><set name="day">3</set></li> #Newline		<li value="37"><set name="day">4</set></li> #Newline		<li value="38"><set name="day">5</set></li>#Newline		<li value="39"><set name="day">6</set></li> #Newline		<li value="40"><set name="day">1</set></li> #Newline		<li value="41"><set name="day">2</set></li> #Newline		<li value="42"><set name="day">3</set></li> #Newline		<li value="43"><set name="day">4</set></li> #Newline		<li value="44"><set name="day">6</set></li> #Newline		<li value="45"><set name="day">0</set></li> #Newline		<li value="46"><set name="day">1</set></li> #Newline		<li value="47"><set name="day">2</set></li> #Newline		<li value="48"><set name="day">4</set></li>#Newline		<li value="49"><set name="day">5</set></li> #Newline		<li value="50"><set name="day">6</set></li> #Newline		<li value="51"><set name="day">0</set></li> #Newline		<li value="52"><set name="day">2</set></li> #Newline		<li value="53"><set name="day">3</set></li> #Newline		<li value="54"><set name="day">4</set></li> #Newline		<li value="55"><set name="day">5</set></li> #Newline		<li value="56"><set name="day">0</set></li> #Newline		<li value="57"><set name="day">1</set></li> #Newline		<li value="58"><set name="day">2</set></li> #Newline		<li value="59"><set name="day">3</set></li> #Newline		<li value="60"><set name="day">5</set></li> #Newline		<li value="61"><set name="day">6</set></li> #Newline		<li value="62"><set name="day">0</set></li> #Newline		<li value="63"><set name="day">1</set></li> #Newline		<li value="64"><set name="day">3</set></li> #Newline		<li value="65"><set name="day">4</set></li> #Newline		<li value="66"><set name="day">5</set></li>#Newline		<li value="67"><set name="day">6</set></li> #Newline		<li value="68"><set name="day">1</set></li> #Newline		<li value="69"><set name="day">2</set></li> #Newline		<li value="70"><set name="day">3</set></li> #Newline		<li value="71"><set name="day">4</set></li> #Newline		<li value="72"><set name="day">6</set></li> #Newline		<li value="73"><set name="day">0</set></li> #Newline		<li value="74"><set name="day">1</set></li> #Newline		<li value="75"><set name="day">2</set></li> #Newline		<li value="76"><set name="day">4</set></li>#Newline		<li value="77"><set name="day">5</set></li> #Newline		<li value="78"><set name="day">6</set></li> #Newline		<li value="79"><set name="day">0</set></li> #Newline		<li value="80"><set name="day">2</set></li> #Newline		<li value="81"><set name="day">3</set></li> #Newline		<li value="82"><set name="day">4</set></li> #Newline		<li value="83"><set name="day">5</set></li> #Newline		<li value="84"><set name="day">0</set></li> #Newline		<li value="85"><set name="day">1</set></li> #Newline		<li value="86"><set name="day">2</set></li> #Newline		<li value="87"><set name="day">3</set></li> #Newline		<li value="88"><set name="day">5</set></li> #Newline		<li value="89"><set name="day">6</set></li> #Newline		<li value="90"><set name="day">0</set></li> #Newline		<li value="91"><set name="day">1</set></li> #Newline		<li value="92"><set name="day">3</set></li> #Newline		<li value="93"><set name="day">4</set></li> #Newline		<li value="94"><set name="day">5</set></li>#Newline		<li value="95"><set name="day">6</set></li> #Newline		<li value="96"><set name="day">1</set></li> #Newline		<li value="97"><set name="day">2</set></li> #Newline		<li value="98"><set name="day">3</set></li> #Newline		<li value="99"><set name="day">4</set></li> #Newline	</condition>#Newline</think>,whatday_eng.aiml
0,XADDMONTH,*,*,<think>#Newline	<condition name="month">#Newline		<li value="01"><srai>XADD3DAY</srai><srai>XADD3DAY</srai></li>#Newline		<li value="02"><srai>XADDDAY</srai><srai>XADDDAY</srai></li> #Newline		<li value="03"><srai>XADDDAY</srai><srai>XADDDAY</srai></li> #Newline		<li value="04"><srai>XADD3DAY</srai><srai>XADDDAY</srai><srai>XADDDAY</srai></li> #Newline		<li value="06"><srai>XADD3DAY</srai></li>#Newline		<li value="07"><srai>XADD3DAY</srai><srai>XADDDAY</srai><srai>XADDDAY</srai></li> #Newline		<li value="08"><srai>XADDDAY</srai></li>#Newline		<li value="09"><srai>XADD3DAY</srai><srai>XADDDAY</srai></li>#Newline		<li value="10"><srai>XADD3DAY</srai><srai>XADD3DAY</srai></li>#Newline		<li value="11"><srai>XADDDAY</srai><srai>XADDDAY</srai></li> #Newline		<li value="12"><srai>XADD3DAY</srai><srai>XADDDAY</srai></li>#Newline	</condition>#Newline</think>,whatday_eng.aiml
0,XADDCENTURY,*,*,<think>#Newline	<condition name="century">#Newline		<li value="17"><srai>XADD3DAY</srai><srai>XADDDAY</srai><srai>XADDDAY</srai></li>#Newline		<li value="18"><srai>XADD3DAY</srai></li> #Newline		<li value="19"><srai>XADDDAY</srai></li> #Newline		<li value="21"><srai>XSUBDAY</srai><srai>XSUBDAY</srai></li>#Newline		<li value="22"><srai>XSUBDAY</srai><srai>XSUBDAY</srai><srai>XSUBDAY</srai><srai>XSUBDAY</srai></li> #Newline	</condition>#Newline</think>,whatday_eng.aiml
0,XSUBLEAPYEAR,*,*,<think>#Newline	<condition name="year">#Newline		<li value="04"><srai>XSUBDAY</srai></li>#Newline		<li value="08"><srai>XSUBDAY</srai></li>#Newline		<li value="12"><srai>XSUBDAY</srai></li>#Newline		<li value="16"><srai>XSUBDAY</srai></li>#Newline		<li value="20"><srai>XSUBDAY</srai></li>#Newline		<li value="24"><srai>XSUBDAY</srai></li>#Newline		<li value="28"><srai>XSUBDAY</srai></li>#Newline		<li value="32"><srai>XSUBDAY</srai></li>#Newline		<li value="36"><srai>XSUBDAY</srai></li>#Newline		<li value="40"><srai>XSUBDAY</srai></li>#Newline		<li value="44"><srai>XSUBDAY</srai></li>#Newline		<li value="48"><srai>XSUBDAY</srai></li>#Newline		<li value="52"><srai>XSUBDAY</srai></li>#Newline		<li value="56"><srai>XSUBDAY</srai></li>#Newline		<li value="60"><srai>XSUBDAY</srai></li>#Newline		<li value="64"><srai>XSUBDAY</srai></li>#Newline		<li value="68"><srai>XSUBDAY</srai></li>#Newline		<li value="72"><srai>XSUBDAY</srai></li>#Newline		<li value="76"><srai>XSUBDAY</srai></li>#Newline		<li value="80"><srai>XSUBDAY</srai></li>#Newline		<li value="84"><srai>XSUBDAY</srai></li>#Newline		<li value="88"><srai>XSUBDAY</srai></li>#Newline		<li value="92"><srai>XSUBDAY</srai></li>#Newline		<li value="96"><srai>XSUBDAY</srai></li>#Newline	</condition>#Newline	<condition name="masteryear">#Newline		<li value="2000"><srai>XSUBDAY</srai></li>#Newline	</condition>#Newline</think>,whatday_eng.aiml
0,XADDDATE,*,*,<think>#Newline	<condition name="date">#Newline		<li value="01"><srai>XADDDAY</srai></li>#Newline		<li value="02"><srai>XADDDAY</srai><srai>XADDDAY</srai></li> #Newline		<li value="03"><srai>XADD3DAY</srai></li> #Newline		<li value="04"><srai>XADD3DAY</srai><srai>XADDDAY</srai></li>#Newline		<li value="05"><srai>XADD3DAY</srai><srai>XADDDAY</srai><srai>XADDDAY</srai></li> #Newline		<li value="06"><srai>XADD3DAY</srai><srai>XADD3DAY</srai></li> #Newline		<li value="08"><srai>XADDDAY</srai></li>#Newline		<li value="09"><srai>XADDDAY</srai><srai>XADDDAY</srai></li> #Newline		<li value="10"><srai>XADD3DAY</srai></li> #Newline		<li value="11"><srai>XADD3DAY</srai><srai>XADDDAY</srai></li>#Newline		<li value="12"><srai>XADD3DAY</srai><srai>XADDDAY</srai><srai>XADDDAY</srai></li> #Newline		<li value="13"><srai>XADD3DAY</srai><srai>XADD3DAY</srai></li> #Newline		<li value="15"><srai>XADDDAY</srai></li>#Newline		<li value="16"><srai>XADDDAY</srai><srai>XADDDAY</srai></li> #Newline		<li value="17"><srai>XADD3DAY</srai></li> #Newline		<li value="18"><srai>XADD3DAY</srai><srai>XADDDAY</srai></li>#Newline		<li value="19"><srai>XADD3DAY</srai><srai>XADDDAY</srai><srai>XADDDAY</srai></li> #Newline		<li value="20"><srai>XADD3DAY</srai><srai>XADD3DAY</srai></li> #Newline		<li value="22"><srai>XADDDAY</srai></li>#Newline		<li value="23"><srai>XADDDAY</srai><srai>XADDDAY</srai></li> #Newline		<li value="24"><srai>XADD3DAY</srai></li> #Newline		<li value="25"><srai>XADD3DAY</srai><srai>XADDDAY</srai></li>#Newline		<li value="26"><srai>XADD3DAY</srai><srai>XADDDAY</srai><srai>XADDDAY</srai></li> #Newline		<li value="27"><srai>XADD3DAY</srai><srai>XADD3DAY</srai></li> #Newline		<li value="29"><srai>XADDDAY</srai></li>#Newline		<li value="30"><srai>XADDDAY</srai><srai>XADDDAY</srai></li> #Newline		<li value="31"><srai>XADD3DAY</srai></li> #Newline	</condition>#Newline</think>,whatday_eng.aiml
0,XCONVERTDAY,*,*,<think>#Newline	<condition name="day">#Newline		<li value="0"><set name="day">Sunday</set></li> #Newline		<li value="1"><set name="day">Monday</set></li>#Newline		<li value="2"><set name="day">Tuesday</set></li> #Newline		<li value="3"><set name="day">Wednesday</set></li> #Newline		<li value="4"><set name="day">Thursday</set></li> #Newline		<li value="5"><set name="day">Friday</set></li> #Newline		<li value="6"><set name="day">Saturday</set></li> #Newline	</condition>#Newline	<condition name="month">#Newline		<li value="01"><set name="month">January</set></li> #Newline		<li value="02"><set name="month">February</set></li> #Newline		<li value="03"><set name="month">March</set></li> #Newline		<li value="04"><set name="month">April</set></li> #Newline		<li value="05"><set name="month">May</set></li> #Newline		<li value="06"><set name="month">June</set></li> #Newline		<li value="07"><set name="month">July</set></li> #Newline		<li value="08"><set name="month">August</set></li> #Newline		<li value="09"><set name="month">September</set></li> #Newline		<li value="10"><set name="month">October</set></li> #Newline		<li value="11"><set name="month">November</set></li> #Newline		<li value="12"><set name="month">December</set></li> #Newline	</condition>#Newline	<condition name="date">#Newline		<li value="01"><set name="date">1st</set></li> #Newline		<li value="02"><set name="date">2nd</set></li> #Newline		<li value="03"><set name="date">3rd</set></li> #Newline		<li value="04"><set name="date">4th</set></li> #Newline		<li value="05"><set name="date">5th</set></li> #Newline		<li value="06"><set name="date">6th</set></li> #Newline		<li value="07"><set name="date">7th</set></li> #Newline		<li value="08"><set name="date">8th</set></li> #Newline		<li value="09"><set name="date">9th</set></li> #Newline		<li value="10"><set name="date">10th</set></li> #Newline		<li value="11"><set name="date">11th</set></li> #Newline		<li value="12"><set name="date">12th</set></li> #Newline		<li value="13"><set name="date">13th</set></li> #Newline		<li value="14"><set name="date">14th</set></li> #Newline		<li value="15"><set name="date">15th</set></li> #Newline		<li value="16"><set name="date">16th</set></li> #Newline		<li value="17"><set name="date">17th</set></li> #Newline		<li value="18"><set name="date">18th</set></li> #Newline		<li value="19"><set name="date">19th</set></li> #Newline		<li value="20"><set name="date">20th</set></li> #Newline		<li value="21"><set name="date">21st</set></li> #Newline		<li value="22"><set name="date">22nd</set></li> #Newline		<li value="23"><set name="date">23rd</set></li> #Newline		<li value="24"><set name="date">24th</set></li> #Newline		<li value="25"><set name="date">25th</set></li> #Newline		<li value="26"><set name="date">26th</set></li> #Newline		<li value="27"><set name="date">27th</set></li> #Newline		<li value="28"><set name="date">28th</set></li> #Newline		<li value="29"><set name="date">29th</set></li> #Newline		<li value="30"><set name="date">30th</set></li> #Newline		<li value="31"><set name="date">31st</set></li> #Newline	</condition>#Newline</think>,whatday_eng.aiml
0,XADD3DAY,*,*,<think>#Newline	<srai>XADDDAY</srai>#Newline	<srai>XADDDAY</srai>#Newline	<srai>XADDDAY</srai>#Newline</think>,whatday_eng.aiml
0,XADDDAY,*,*,<think>#Newline	<condition name="day">#Newline		<li value="0"><set name="day">1</set></li>#Newline		<li value="1"><set name="day">2</set></li> #Newline		<li value="2"><set name="day">3</set></li> #Newline		<li value="3"><set name="day">4</set></li> #Newline		<li value="4"><set name="day">5</set></li> #Newline		<li value="5"><set name="day">6</set></li> #Newline		<li value="6"><set name="day">0</set></li> #Newline	</condition>#Newline</think>,whatday_eng.aiml
0,XSUBDAY,*,*,<think>#Newline	<condition name="day">#Newline		<li value="6"><set name="day">5</set></li>#Newline		<li value="5"><set name="day">4</set></li> #Newline		<li value="4"><set name="day">3</set></li> #Newline		<li value="3"><set name="day">2</set></li> #Newline		<li value="2"><set name="day">1</set></li> #Newline		<li value="1"><set name="day">0</set></li> #Newline		<li value="0"><set name="day">6</set></li> #Newline	</condition>#Newline</think>,whatday_eng.aiml
0,XSPLITYEAR,*,*,<think>#Newline	<set name="year"/>#Newline	<condition name="masteryear">#Newline		<li value="1753"><set name="century">17</set><set name="year">53</set></li>#Newline		<li value="1754"><set name="century">17</set><set name="year">54</set></li>#Newline		<li value="1755"><set name="century">17</set><set name="year">55</set></li>#Newline		<li value="1756"><set name="century">17</set><set name="year">56</set></li>#Newline		<li value="1757"><set name="century">17</set><set name="year">57</set></li>#Newline		<li value="1758"><set name="century">17</set><set name="year">58</set></li>#Newline		<li value="1759"><set name="century">17</set><set name="year">59</set></li>#Newline		<li value="1760"><set name="century">17</set><set name="year">60</set></li>#Newline		<li value="1761"><set name="century">17</set><set name="year">61</set></li>#Newline		<li value="1762"><set name="century">17</set><set name="year">62</set></li>#Newline		<li value="1763"><set name="century">17</set><set name="year">63</set></li>#Newline		<li value="1764"><set name="century">17</set><set name="year">64</set></li>#Newline		<li value="1765"><set name="century">17</set><set name="year">65</set></li>#Newline		<li value="1766"><set name="century">17</set><set name="year">66</set></li>#Newline		<li value="1767"><set name="century">17</set><set name="year">67</set></li>#Newline		<li value="1768"><set name="century">17</set><set name="year">68</set></li>#Newline		<li value="1769"><set name="century">17</set><set name="year">69</set></li>#Newline		<li value="1770"><set name="century">17</set><set name="year">70</set></li>#Newline		<li value="1771"><set name="century">17</set><set name="year">71</set></li>#Newline		<li value="1772"><set name="century">17</set><set name="year">72</set></li>#Newline		<li value="1773"><set name="century">17</set><set name="year">73</set></li>#Newline		<li value="1774"><set name="century">17</set><set name="year">74</set></li>#Newline		<li value="1775"><set name="century">17</set><set name="year">75</set></li>#Newline		<li value="1776"><set name="century">17</set><set name="year">76</set></li>#Newline		<li value="1777"><set name="century">17</set><set name="year">77</set></li>#Newline		<li value="1778"><set name="century">17</set><set name="year">78</set></li>#Newline		<li value="1779"><set name="century">17</set><set name="year">79</set></li>#Newline		<li value="1780"><set name="century">17</set><set name="year">80</set></li>#Newline		<li value="1781"><set name="century">17</set><set name="year">81</set></li>#Newline		<li value="1782"><set name="century">17</set><set name="year">82</set></li>#Newline		<li value="1783"><set name="century">17</set><set name="year">83</set></li>#Newline		<li value="1784"><set name="century">17</set><set name="year">84</set></li>#Newline		<li value="1785"><set name="century">17</set><set name="year">85</set></li>#Newline		<li value="1786"><set name="century">17</set><set name="year">86</set></li>#Newline		<li value="1787"><set name="century">17</set><set name="year">87</set></li>#Newline		<li value="1788"><set name="century">17</set><set name="year">88</set></li>#Newline		<li value="1789"><set name="century">17</set><set name="year">89</set></li>#Newline		<li value="1790"><set name="century">17</set><set name="year">90</set></li>#Newline		<li value="1791"><set name="century">17</set><set name="year">91</set></li>#Newline		<li value="1792"><set name="century">17</set><set name="year">92</set></li>#Newline		<li value="1793"><set name="century">17</set><set name="year">93</set></li>#Newline		<li value="1794"><set name="century">17</set><set name="year">94</set></li>#Newline		<li value="1795"><set name="century">17</set><set name="year">95</set></li>#Newline		<li value="1796"><set name="century">17</set><set name="year">96</set></li>#Newline		<li value="1797"><set name="century">17</set><set name="year">97</set></li>#Newline		<li value="1798"><set name="century">17</set><set name="year">98</set></li>#Newline		<li value="1799"><set name="century">17</set><set name="year">99</set></li>#Newline		<li value="1800"><set name="century">18</set><set name="year">00</set></li>#Newline		<li value="1801"><set name="century">18</set><set name="year">01</set></li>#Newline		<li value="1802"><set name="century">18</set><set name="year">02</set></li>#Newline		<li value="1803"><set name="century">18</set><set name="year">03</set></li>#Newline		<li value="1804"><set name="century">18</set><set name="year">04</set></li>#Newline		<li value="1805"><set name="century">18</set><set name="year">05</set></li>#Newline		<li value="1806"><set name="century">18</set><set name="year">06</set></li>#Newline		<li value="1807"><set name="century">18</set><set name="year">07</set></li>#Newline		<li value="1808"><set name="century">18</set><set name="year">08</set></li>#Newline		<li value="1809"><set name="century">18</set><set name="year">09</set></li>#Newline		<li value="1810"><set name="century">18</set><set name="year">10</set></li>#Newline		<li value="1811"><set name="century">18</set><set name="year">11</set></li>#Newline		<li value="1812"><set name="century">18</set><set name="year">12</set></li>#Newline		<li value="1813"><set name="century">18</set><set name="year">13</set></li>#Newline		<li value="1814"><set name="century">18</set><set name="year">14</set></li>#Newline		<li value="1815"><set name="century">18</set><set name="year">15</set></li>#Newline		<li value="1816"><set name="century">18</set><set name="year">16</set></li>#Newline		<li value="1817"><set name="century">18</set><set name="year">17</set></li>#Newline		<li value="1818"><set name="century">18</set><set name="year">18</set></li>#Newline		<li value="1819"><set name="century">18</set><set name="year">19</set></li>#Newline		<li value="1820"><set name="century">18</set><set name="year">20</set></li>#Newline		<li value="1821"><set name="century">18</set><set name="year">21</set></li>#Newline		<li value="1822"><set name="century">18</set><set name="year">22</set></li>#Newline		<li value="1823"><set name="century">18</set><set name="year">23</set></li>#Newline		<li value="1824"><set name="century">18</set><set name="year">24</set></li>#Newline		<li value="1825"><set name="century">18</set><set name="year">25</set></li>#Newline		<li value="1826"><set name="century">18</set><set name="year">26</set></li>#Newline		<li value="1827"><set name="century">18</set><set name="year">27</set></li>#Newline		<li value="1828"><set name="century">18</set><set name="year">28</set></li>#Newline		<li value="1829"><set name="century">18</set><set name="year">29</set></li>#Newline		<li value="1830"><set name="century">18</set><set name="year">30</set></li>#Newline		<li value="1831"><set name="century">18</set><set name="year">31</set></li>#Newline		<li value="1832"><set name="century">18</set><set name="year">32</set></li>#Newline		<li value="1833"><set name="century">18</set><set name="year">33</set></li>#Newline		<li value="1834"><set name="century">18</set><set name="year">34</set></li>#Newline		<li value="1835"><set name="century">18</set><set name="year">35</set></li>#Newline		<li value="1836"><set name="century">18</set><set name="year">36</set></li>#Newline		<li value="1837"><set name="century">18</set><set name="year">37</set></li>#Newline		<li value="1838"><set name="century">18</set><set name="year">38</set></li>#Newline		<li value="1839"><set name="century">18</set><set name="year">39</set></li>#Newline		<li value="1840"><set name="century">18</set><set name="year">40</set></li>#Newline		<li value="1841"><set name="century">18</set><set name="year">41</set></li>#Newline		<li value="1842"><set name="century">18</set><set name="year">42</set></li>#Newline		<li value="1843"><set name="century">18</set><set name="year">43</set></li>#Newline		<li value="1844"><set name="century">18</set><set name="year">44</set></li>#Newline		<li value="1845"><set name="century">18</set><set name="year">45</set></li>#Newline		<li value="1846"><set name="century">18</set><set name="year">46</set></li>#Newline		<li value="1847"><set name="century">18</set><set name="year">47</set></li>#Newline		<li value="1848"><set name="century">18</set><set name="year">48</set></li>#Newline		<li value="1849"><set name="century">18</set><set name="year">49</set></li>#Newline		<li value="1850"><set name="century">18</set><set name="year">50</set></li>#Newline		<li value="1851"><set name="century">18</set><set name="year">51</set></li>#Newline		<li value="1852"><set name="century">18</set><set name="year">52</set></li>#Newline		<li value="1853"><set name="century">18</set><set name="year">53</set></li>#Newline		<li value="1854"><set name="century">18</set><set name="year">54</set></li>#Newline		<li value="1855"><set name="century">18</set><set name="year">55</set></li>#Newline		<li value="1856"><set name="century">18</set><set name="year">56</set></li>#Newline		<li value="1857"><set name="century">18</set><set name="year">57</set></li>#Newline		<li value="1858"><set name="century">18</set><set name="year">58</set></li>#Newline		<li value="1859"><set name="century">18</set><set name="year">59</set></li>#Newline		<li value="1860"><set name="century">18</set><set name="year">60</set></li>#Newline		<li value="1861"><set name="century">18</set><set name="year">61</set></li>#Newline		<li value="1862"><set name="century">18</set><set name="year">62</set></li>#Newline		<li value="1863"><set name="century">18</set><set name="year">63</set></li>#Newline		<li value="1864"><set name="century">18</set><set name="year">64</set></li>#Newline		<li value="1865"><set name="century">18</set><set name="year">65</set></li>#Newline		<li value="1866"><set name="century">18</set><set name="year">66</set></li>#Newline		<li value="1867"><set name="century">18</set><set name="year">67</set></li>#Newline		<li value="1868"><set name="century">18</set><set name="year">68</set></li>#Newline		<li value="1869"><set name="century">18</set><set name="year">69</set></li>#Newline		<li value="1870"><set name="century">18</set><set name="year">70</set></li>#Newline		<li value="1871"><set name="century">18</set><set name="year">71</set></li>#Newline		<li value="1872"><set name="century">18</set><set name="year">72</set></li>#Newline		<li value="1873"><set name="century">18</set><set name="year">73</set></li>#Newline		<li value="1874"><set name="century">18</set><set name="year">74</set></li>#Newline		<li value="1875"><set name="century">18</set><set name="year">75</set></li>#Newline		<li value="1876"><set name="century">18</set><set name="year">76</set></li>#Newline		<li value="1877"><set name="century">18</set><set name="year">77</set></li>#Newline		<li value="1878"><set name="century">18</set><set name="year">78</set></li>#Newline		<li value="1879"><set name="century">18</set><set name="year">79</set></li>#Newline		<li value="1880"><set name="century">18</set><set name="year">80</set></li>#Newline		<li value="1881"><set name="century">18</set><set name="year">81</set></li>#Newline		<li value="1882"><set name="century">18</set><set name="year">82</set></li>#Newline		<li value="1883"><set name="century">18</set><set name="year">83</set></li>#Newline		<li value="1884"><set name="century">18</set><set name="year">84</set></li>#Newline		<li value="1885"><set name="century">18</set><set name="year">85</set></li>#Newline		<li value="1886"><set name="century">18</set><set name="year">86</set></li>#Newline		<li value="1887"><set name="century">18</set><set name="year">87</set></li>#Newline		<li value="1888"><set name="century">18</set><set name="year">88</set></li>#Newline		<li value="1889"><set name="century">18</set><set name="year">89</set></li>#Newline		<li value="1890"><set name="century">18</set><set name="year">90</set></li>#Newline		<li value="1891"><set name="century">18</set><set name="year">91</set></li>#Newline		<li value="1892"><set name="century">18</set><set name="year">92</set></li>#Newline		<li value="1893"><set name="century">18</set><set name="year">93</set></li>#Newline		<li value="1894"><set name="century">18</set><set name="year">94</set></li>#Newline		<li value="1895"><set name="century">18</set><set name="year">95</set></li>#Newline		<li value="1896"><set name="century">18</set><set name="year">96</set></li>#Newline		<li value="1897"><set name="century">18</set><set name="year">97</set></li>#Newline		<li value="1898"><set name="century">18</set><set name="year">98</set></li>#Newline		<li value="1899"><set name="century">18</set><set name="year">99</set></li>#Newline		<li value="1900"><set name="century">19</set><set name="year">00</set></li>#Newline	      <li value="1901"><set name="century">19</set><set name="year">01</set></li>#Newline		<li value="1902"><set name="century">19</set><set name="year">02</set></li>#Newline		<li value="1903"><set name="century">19</set><set name="year">03</set></li>#Newline		<li value="1904"><set name="century">19</set><set name="year">04</set></li>#Newline		<li value="1905"><set name="century">19</set><set name="year">05</set></li>#Newline		<li value="1906"><set name="century">19</set><set name="year">06</set></li>#Newline		<li value="1907"><set name="century">19</set><set name="year">07</set></li>#Newline		<li value="1908"><set name="century">19</set><set name="year">08</set></li>#Newline		<li value="1909"><set name="century">19</set><set name="year">09</set></li>#Newline		<li value="1910"><set name="century">19</set><set name="year">10</set></li>#Newline		<li value="1911"><set name="century">19</set><set name="year">11</set></li>#Newline		<li value="1912"><set name="century">19</set><set name="year">12</set></li>#Newline		<li value="1913"><set name="century">19</set><set name="year">13</set></li>#Newline		<li value="1914"><set name="century">19</set><set name="year">14</set></li>#Newline		<li value="1915"><set name="century">19</set><set name="year">15</set></li>#Newline		<li value="1916"><set name="century">19</set><set name="year">16</set></li>#Newline		<li value="1917"><set name="century">19</set><set name="year">17</set></li>#Newline		<li value="1918"><set name="century">19</set><set name="year">18</set></li>#Newline		<li value="1919"><set name="century">19</set><set name="year">19</set></li>#Newline		<li value="1920"><set name="century">19</set><set name="year">20</set></li>#Newline		<li value="1921"><set name="century">19</set><set name="year">21</set></li>#Newline		<li value="1922"><set name="century">19</set><set name="year">22</set></li>#Newline		<li value="1923"><set name="century">19</set><set name="year">23</set></li>#Newline		<li value="1924"><set name="century">19</set><set name="year">24</set></li>#Newline		<li value="1925"><set name="century">19</set><set name="year">25</set></li>#Newline		<li value="1926"><set name="century">19</set><set name="year">26</set></li>#Newline		<li value="1927"><set name="century">19</set><set name="year">27</set></li>#Newline		<li value="1928"><set name="century">19</set><set name="year">28</set></li>#Newline		<li value="1929"><set name="century">19</set><set name="year">29</set></li>#Newline		<li value="1930"><set name="century">19</set><set name="year">30</set></li>#Newline		<li value="1931"><set name="century">19</set><set name="year">31</set></li>#Newline		<li value="1932"><set name="century">19</set><set name="year">32</set></li>#Newline		<li value="1933"><set name="century">19</set><set name="year">33</set></li>#Newline		<li value="1934"><set name="century">19</set><set name="year">34</set></li>#Newline		<li value="1935"><set name="century">19</set><set name="year">35</set></li>#Newline		<li value="1936"><set name="century">19</set><set name="year">36</set></li>#Newline		<li value="1937"><set name="century">19</set><set name="year">37</set></li>#Newline		<li value="1938"><set name="century">19</set><set name="year">38</set></li>#Newline		<li value="1939"><set name="century">19</set><set name="year">39</set></li>#Newline		<li value="1940"><set name="century">19</set><set name="year">40</set></li>#Newline		<li value="1941"><set name="century">19</set><set name="year">41</set></li>#Newline		<li value="1942"><set name="century">19</set><set name="year">42</set></li>#Newline		<li value="1943"><set name="century">19</set><set name="year">43</set></li>#Newline		<li value="1944"><set name="century">19</set><set name="year">44</set></li>#Newline		<li value="1945"><set name="century">19</set><set name="year">45</set></li>#Newline		<li value="1946"><set name="century">19</set><set name="year">46</set></li>#Newline		<li value="1947"><set name="century">19</set><set name="year">47</set></li>#Newline		<li value="1948"><set name="century">19</set><set name="year">48</set></li>#Newline		<li value="1949"><set name="century">19</set><set name="year">49</set></li>#Newline		<li value="1950"><set name="century">19</set><set name="year">50</set></li>#Newline		<li value="1951"><set name="century">19</set><set name="year">51</set></li>#Newline		<li value="1952"><set name="century">19</set><set name="year">52</set></li>#Newline		<li value="1953"><set name="century">19</set><set name="year">53</set></li>#Newline		<li value="1954"><set name="century">19</set><set name="year">54</set></li>#Newline		<li value="1955"><set name="century">19</set><set name="year">55</set></li>#Newline		<li value="1956"><set name="century">19</set><set name="year">56</set></li>#Newline		<li value="1957"><set name="century">19</set><set name="year">57</set></li>#Newline		<li value="1958"><set name="century">19</set><set name="year">58</set></li>#Newline		<li value="1959"><set name="century">19</set><set name="year">59</set></li>#Newline		<li value="1960"><set name="century">19</set><set name="year">60</set></li>#Newline		<li value="1961"><set name="century">19</set><set name="year">61</set></li>#Newline		<li value="1962"><set name="century">19</set><set name="year">62</set></li>#Newline		<li value="1963"><set name="century">19</set><set name="year">63</set></li>#Newline		<li value="1964"><set name="century">19</set><set name="year">64</set></li>#Newline		<li value="1965"><set name="century">19</set><set name="year">65</set></li>#Newline		<li value="1966"><set name="century">19</set><set name="year">66</set></li>#Newline		<li value="1967"><set name="century">19</set><set name="year">67</set></li>#Newline		<li value="1968"><set name="century">19</set><set name="year">68</set></li>#Newline		<li value="1969"><set name="century">19</set><set name="year">69</set></li>#Newline		<li value="1970"><set name="century">19</set><set name="year">70</set></li>#Newline		<li value="1971"><set name="century">19</set><set name="year">71</set></li>#Newline		<li value="1972"><set name="century">19</set><set name="year">72</set></li>#Newline		<li value="1973"><set name="century">19</set><set name="year">73</set></li>#Newline		<li value="1974"><set name="century">19</set><set name="year">74</set></li>#Newline		<li value="1975"><set name="century">19</set><set name="year">75</set></li>#Newline		<li value="1976"><set name="century">19</set><set name="year">76</set></li>#Newline		<li value="1977"><set name="century">19</set><set name="year">77</set></li>#Newline		<li value="1978"><set name="century">19</set><set name="year">78</set></li>#Newline		<li value="1979"><set name="century">19</set><set name="year">79</set></li>#Newline		<li value="1980"><set name="century">19</set><set name="year">80</set></li>#Newline		<li value="1981"><set name="century">19</set><set name="year">81</set></li>#Newline		<li value="1982"><set name="century">19</set><set name="year">82</set></li>#Newline		<li value="1983"><set name="century">19</set><set name="year">83</set></li>#Newline		<li value="1984"><set name="century">19</set><set name="year">84</set></li>#Newline		<li value="1985"><set name="century">19</set><set name="year">85</set></li>#Newline		<li value="1986"><set name="century">19</set><set name="year">86</set></li>#Newline		<li value="1987"><set name="century">19</set><set name="year">87</set></li>#Newline		<li value="1988"><set name="century">19</set><set name="year">88</set></li>#Newline		<li value="1989"><set name="century">19</set><set name="year">89</set></li>#Newline		<li value="1990"><set name="century">19</set><set name="year">90</set></li>#Newline		<li value="1991"><set name="century">19</set><set name="year">91</set></li>#Newline		<li value="1992"><set name="century">19</set><set name="year">92</set></li>#Newline		<li value="1993"><set name="century">19</set><set name="year">93</set></li>#Newline		<li value="1994"><set name="century">19</set><set name="year">94</set></li>#Newline		<li value="1995"><set name="century">19</set><set name="year">95</set></li>#Newline		<li value="1996"><set name="century">19</set><set name="year">96</set></li>#Newline		<li value="1997"><set name="century">19</set><set name="year">97</set></li>#Newline		<li value="1998"><set name="century">19</set><set name="year">98</set></li>#Newline		<li value="1999"><set name="century">19</set><set name="year">99</set></li>#Newline		<li value="2000"><set name="century">20</set><set name="year">00</set></li>#Newline		<li value="2001"><set name="century">20</set><set name="year">01</set></li>#Newline		<li value="2002"><set name="century">20</set><set name="year">02</set></li>#Newline		<li value="2003"><set name="century">20</set><set name="year">03</set></li>#Newline		<li value="2004"><set name="century">20</set><set name="year">04</set></li>#Newline		<li value="2005"><set name="century">20</set><set name="year">05</set></li>#Newline		<li value="2006"><set name="century">20</set><set name="year">06</set></li>#Newline		<li value="2007"><set name="century">20</set><set name="year">07</set></li>#Newline		<li value="2008"><set name="century">20</set><set name="year">08</set></li>#Newline		<li value="2009"><set name="century">20</set><set name="year">09</set></li>#Newline		<li value="2010"><set name="century">20</set><set name="year">10</set></li>#Newline		<li value="2011"><set name="century">20</set><set name="year">11</set></li>#Newline		<li value="2012"><set name="century">20</set><set name="year">12</set></li>#Newline		<li value="2013"><set name="century">20</set><set name="year">13</set></li>#Newline		<li value="2014"><set name="century">20</set><set name="year">14</set></li>#Newline		<li value="2015"><set name="century">20</set><set name="year">15</set></li>#Newline		<li value="2016"><set name="century">20</set><set name="year">16</set></li>#Newline		<li value="2017"><set name="century">20</set><set name="year">17</set></li>#Newline		<li value="2018"><set name="century">20</set><set name="year">18</set></li>#Newline		<li value="2019"><set name="century">20</set><set name="year">19</set></li>#Newline		<li value="2020"><set name="century">20</set><set name="year">20</set></li>#Newline		<li value="2021"><set name="century">20</set><set name="year">21</set></li>#Newline		<li value="2022"><set name="century">20</set><set name="year">22</set></li>#Newline		<li value="2023"><set name="century">20</set><set name="year">23</set></li>#Newline		<li value="2024"><set name="century">20</set><set name="year">24</set></li>#Newline		<li value="2025"><set name="century">20</set><set name="year">25</set></li>#Newline		<li value="2026"><set name="century">20</set><set name="year">26</set></li>#Newline		<li value="2027"><set name="century">20</set><set name="year">27</set></li>#Newline		<li value="2028"><set name="century">20</set><set name="year">28</set></li>#Newline		<li value="2029"><set name="century">20</set><set name="year">29</set></li>#Newline		<li value="2030"><set name="century">20</set><set name="year">30</set></li>#Newline		<li value="2031"><set name="century">20</set><set name="year">31</set></li>#Newline		<li value="2032"><set name="century">20</set><set name="year">32</set></li>#Newline		<li value="2033"><set name="century">20</set><set name="year">33</set></li>#Newline		<li value="2034"><set name="century">20</set><set name="year">34</set></li>#Newline		<li value="2035"><set name="century">20</set><set name="year">35</set></li>#Newline		<li value="2036"><set name="century">20</set><set name="year">36</set></li>#Newline		<li value="2037"><set name="century">20</set><set name="year">37</set></li>#Newline		<li value="2038"><set name="century">20</set><set name="year">38</set></li>#Newline		<li value="2039"><set name="century">20</set><set name="year">39</set></li>#Newline		<li value="2040"><set name="century">20</set><set name="year">40</set></li>#Newline		<li value="2041"><set name="century">20</set><set name="year">41</set></li>#Newline		<li value="2042"><set name="century">20</set><set name="year">42</set></li>#Newline		<li value="2043"><set name="century">20</set><set name="year">43</set></li>#Newline		<li value="2044"><set name="century">20</set><set name="year">44</set></li>#Newline		<li value="2045"><set name="century">20</set><set name="year">45</set></li>#Newline		<li value="2046"><set name="century">20</set><set name="year">46</set></li>#Newline		<li value="2047"><set name="century">20</set><set name="year">47</set></li>#Newline		<li value="2048"><set name="century">20</set><set name="year">48</set></li>#Newline		<li value="2049"><set name="century">20</set><set name="year">49</set></li>#Newline		<li value="2050"><set name="century">20</set><set name="year">50</set></li>#Newline		<li value="2051"><set name="century">20</set><set name="year">51</set></li>#Newline		<li value="2052"><set name="century">20</set><set name="year">52</set></li>#Newline		<li value="2053"><set name="century">20</set><set name="year">53</set></li>#Newline		<li value="2054"><set name="century">20</set><set name="year">54</set></li>#Newline		<li value="2055"><set name="century">20</set><set name="year">55</set></li>#Newline		<li value="2056"><set name="century">20</set><set name="year">56</set></li>#Newline		<li value="2057"><set name="century">20</set><set name="year">57</set></li>#Newline		<li value="2058"><set name="century">20</set><set name="year">58</set></li>#Newline		<li value="2059"><set name="century">20</set><set name="year">59</set></li>#Newline		<li value="2060"><set name="century">20</set><set name="year">60</set></li>#Newline		<li value="2061"><set name="century">20</set><set name="year">61</set></li>#Newline		<li value="2062"><set name="century">20</set><set name="year">62</set></li>#Newline		<li value="2063"><set name="century">20</set><set name="year">63</set></li>#Newline		<li value="2064"><set name="century">20</set><set name="year">64</set></li>#Newline		<li value="2065"><set name="century">20</set><set name="year">65</set></li>#Newline		<li value="2066"><set name="century">20</set><set name="year">66</set></li>#Newline		<li value="2067"><set name="century">20</set><set name="year">67</set></li>#Newline		<li value="2068"><set name="century">20</set><set name="year">68</set></li>#Newline		<li value="2069"><set name="century">20</set><set name="year">69</set></li>#Newline		<li value="2070"><set name="century">20</set><set name="year">70</set></li>#Newline		<li value="2071"><set name="century">20</set><set name="year">71</set></li>#Newline		<li value="2072"><set name="century">20</set><set name="year">72</set></li>#Newline		<li value="2073"><set name="century">20</set><set name="year">73</set></li>#Newline		<li value="2074"><set name="century">20</set><set name="year">74</set></li>#Newline		<li value="2075"><set name="century">20</set><set name="year">75</set></li>#Newline		<li value="2076"><set name="century">20</set><set name="year">76</set></li>#Newline		<li value="2077"><set name="century">20</set><set name="year">77</set></li>#Newline		<li value="2078"><set name="century">20</set><set name="year">78</set></li>#Newline		<li value="2079"><set name="century">20</set><set name="year">79</set></li>#Newline		<li value="2080"><set name="century">20</set><set name="year">80</set></li>#Newline		<li value="2081"><set name="century">20</set><set name="year">81</set></li>#Newline		<li value="2082"><set name="century">20</set><set name="year">82</set></li>#Newline		<li value="2083"><set name="century">20</set><set name="year">83</set></li>#Newline		<li value="2084"><set name="century">20</set><set name="year">84</set></li>#Newline		<li value="2085"><set name="century">20</set><set name="year">85</set></li>#Newline		<li value="2086"><set name="century">20</set><set name="year">86</set></li>#Newline		<li value="2087"><set name="century">20</set><set name="year">87</set></li>#Newline		<li value="2088"><set name="century">20</set><set name="year">88</set></li>#Newline		<li value="2089"><set name="century">20</set><set name="year">89</set></li>#Newline		<li value="2090"><set name="century">20</set><set name="year">90</set></li>#Newline		<li value="2091"><set name="century">20</set><set name="year">91</set></li>#Newline		<li value="2092"><set name="century">20</set><set name="year">92</set></li>#Newline		<li value="2093"><set name="century">20</set><set name="year">93</set></li>#Newline		<li value="2094"><set name="century">20</set><set name="year">94</set></li>#Newline		<li value="2095"><set name="century">20</set><set name="year">95</set></li>#Newline		<li value="2096"><set name="century">20</set><set name="year">96</set></li>#Newline		<li value="2097"><set name="century">20</set><set name="year">97</set></li>#Newline		<li value="2098"><set name="century">20</set><set name="year">98</set></li>#Newline		<li value="2099"><set name="century">20</set><set name="year">99</set></li>#Newline		<li value="2100"><set name="century">21</set><set name="year">00</set></li>#Newline		<li value="2101"><set name="century">21</set><set name="year">01</set></li>#Newline		<li value="2102"><set name="century">21</set><set name="year">02</set></li>#Newline		<li value="2103"><set name="century">21</set><set name="year">03</set></li>#Newline		<li value="2104"><set name="century">21</set><set name="year">04</set></li>#Newline		<li value="2105"><set name="century">21</set><set name="year">05</set></li>#Newline		<li value="2106"><set name="century">21</set><set name="year">06</set></li>#Newline		<li value="2107"><set name="century">21</set><set name="year">07</set></li>#Newline		<li value="2108"><set name="century">21</set><set name="year">08</set></li>#Newline		<li value="2109"><set name="century">21</set><set name="year">09</set></li>#Newline		<li value="2110"><set name="century">21</set><set name="year">10</set></li>#Newline		<li value="2111"><set name="century">21</set><set name="year">11</set></li>#Newline		<li value="2112"><set name="century">21</set><set name="year">12</set></li>#Newline		<li value="2113"><set name="century">21</set><set name="year">13</set></li>#Newline		<li value="2114"><set name="century">21</set><set name="year">14</set></li>#Newline		<li value="2115"><set name="century">21</set><set name="year">15</set></li>#Newline		<li value="2116"><set name="century">21</set><set name="year">16</set></li>#Newline		<li value="2117"><set name="century">21</set><set name="year">17</set></li>#Newline		<li value="2118"><set name="century">21</set><set name="year">18</set></li>#Newline		<li value="2119"><set name="century">21</set><set name="year">19</set></li>#Newline		<li value="2120"><set name="century">21</set><set name="year">20</set></li>#Newline		<li value="2121"><set name="century">21</set><set name="year">21</set></li>#Newline		<li value="2122"><set name="century">21</set><set name="year">22</set></li>#Newline		<li value="2123"><set name="century">21</set><set name="year">23</set></li>#Newline		<li value="2124"><set name="century">21</set><set name="year">24</set></li>#Newline		<li value="2125"><set name="century">21</set><set name="year">25</set></li>#Newline		<li value="2126"><set name="century">21</set><set name="year">26</set></li>#Newline		<li value="2127"><set name="century">21</set><set name="year">27</set></li>#Newline		<li value="2128"><set name="century">21</set><set name="year">28</set></li>#Newline		<li value="2129"><set name="century">21</set><set name="year">29</set></li>#Newline		<li value="2130"><set name="century">21</set><set name="year">30</set></li>#Newline		<li value="2131"><set name="century">21</set><set name="year">31</set></li>#Newline		<li value="2132"><set name="century">21</set><set name="year">32</set></li>#Newline		<li value="2133"><set name="century">21</set><set name="year">33</set></li>#Newline		<li value="2134"><set name="century">21</set><set name="year">34</set></li>#Newline		<li value="2135"><set name="century">21</set><set name="year">35</set></li>#Newline		<li value="2136"><set name="century">21</set><set name="year">36</set></li>#Newline		<li value="2137"><set name="century">21</set><set name="year">37</set></li>#Newline		<li value="2138"><set name="century">21</set><set name="year">38</set></li>#Newline		<li value="2139"><set name="century">21</set><set name="year">39</set></li>#Newline		<li value="2140"><set name="century">21</set><set name="year">40</set></li>#Newline		<li value="2141"><set name="century">21</set><set name="year">41</set></li>#Newline		<li value="2142"><set name="century">21</set><set name="year">42</set></li>#Newline		<li value="2143"><set name="century">21</set><set name="year">43</set></li>#Newline		<li value="2144"><set name="century">21</set><set name="year">44</set></li>#Newline		<li value="2145"><set name="century">21</set><set name="year">45</set></li>#Newline		<li value="2146"><set name="century">21</set><set name="year">46</set></li>#Newline		<li value="2147"><set name="century">21</set><set name="year">47</set></li>#Newline		<li value="2148"><set name="century">21</set><set name="year">48</set></li>#Newline		<li value="2149"><set name="century">21</set><set name="year">49</set></li>#Newline		<li value="2150"><set name="century">21</set><set name="year">50</set></li>#Newline		<li value="2151"><set name="century">21</set><set name="year">51</set></li>#Newline		<li value="2152"><set name="century">21</set><set name="year">52</set></li>#Newline		<li value="2153"><set name="century">21</set><set name="year">53</set></li>#Newline		<li value="2154"><set name="century">21</set><set name="year">54</set></li>#Newline		<li value="2155"><set name="century">21</set><set name="year">55</set></li>#Newline		<li value="2156"><set name="century">21</set><set name="year">56</set></li>#Newline		<li value="2157"><set name="century">21</set><set name="year">57</set></li>#Newline		<li value="2158"><set name="century">21</set><set name="year">58</set></li>#Newline		<li value="2159"><set name="century">21</set><set name="year">59</set></li>#Newline		<li value="2160"><set name="century">21</set><set name="year">60</set></li>#Newline		<li value="2161"><set name="century">21</set><set name="year">61</set></li>#Newline		<li value="2162"><set name="century">21</set><set name="year">62</set></li>#Newline		<li value="2163"><set name="century">21</set><set name="year">63</set></li>#Newline		<li value="2164"><set name="century">21</set><set name="year">64</set></li>#Newline		<li value="2165"><set name="century">21</set><set name="year">65</set></li>#Newline		<li value="2166"><set name="century">21</set><set name="year">66</set></li>#Newline		<li value="2167"><set name="century">21</set><set name="year">67</set></li>#Newline		<li value="2168"><set name="century">21</set><set name="year">68</set></li>#Newline		<li value="2169"><set name="century">21</set><set name="year">69</set></li>#Newline		<li value="2170"><set name="century">21</set><set name="year">70</set></li>#Newline		<li value="2171"><set name="century">21</set><set name="year">71</set></li>#Newline		<li value="2172"><set name="century">21</set><set name="year">72</set></li>#Newline		<li value="2173"><set name="century">21</set><set name="year">73</set></li>#Newline		<li value="2174"><set name="century">21</set><set name="year">74</set></li>#Newline		<li value="2175"><set name="century">21</set><set name="year">75</set></li>#Newline		<li value="2176"><set name="century">21</set><set name="year">76</set></li>#Newline		<li value="2177"><set name="century">21</set><set name="year">77</set></li>#Newline		<li value="2178"><set name="century">21</set><set name="year">78</set></li>#Newline		<li value="2179"><set name="century">21</set><set name="year">79</set></li>#Newline		<li value="2180"><set name="century">21</set><set name="year">80</set></li>#Newline		<li value="2181"><set name="century">21</set><set name="year">81</set></li>#Newline		<li value="2182"><set name="century">21</set><set name="year">82</set></li>#Newline		<li value="2183"><set name="century">21</set><set name="year">83</set></li>#Newline		<li value="2184"><set name="century">21</set><set name="year">84</set></li>#Newline		<li value="2185"><set name="century">21</set><set name="year">85</set></li>#Newline		<li value="2186"><set name="century">21</set><set name="year">86</set></li>#Newline		<li value="2187"><set name="century">21</set><set name="year">87</set></li>#Newline		<li value="2188"><set name="century">21</set><set name="year">88</set></li>#Newline		<li value="2189"><set name="century">21</set><set name="year">89</set></li>#Newline		<li value="2190"><set name="century">21</set><set name="year">90</set></li>#Newline		<li value="2191"><set name="century">21</set><set name="year">91</set></li>#Newline		<li value="2192"><set name="century">21</set><set name="year">92</set></li>#Newline		<li value="2193"><set name="century">21</set><set name="year">93</set></li>#Newline		<li value="2194"><set name="century">21</set><set name="year">94</set></li>#Newline		<li value="2195"><set name="century">21</set><set name="year">95</set></li>#Newline		<li value="2196"><set name="century">21</set><set name="year">96</set></li>#Newline		<li value="2197"><set name="century">21</set><set name="year">97</set></li>#Newline		<li value="2198"><set name="century">21</set><set name="year">98</set></li>#Newline		<li value="2199"><set name="century">21</set><set name="year">99</set></li>#Newline		<li value="2200"><set name="century">22</set><set name="year">00</set></li>#Newline		<li value="2201"><set name="century">22</set><set name="year">01</set></li>#Newline		<li value="2202"><set name="century">22</set><set name="year">02</set></li>#Newline		<li value="2203"><set name="century">22</set><set name="year">03</set></li>#Newline		<li value="2204"><set name="century">22</set><set name="year">04</set></li>#Newline		<li value="2205"><set name="century">22</set><set name="year">05</set></li>#Newline		<li value="2206"><set name="century">22</set><set name="year">06</set></li>#Newline		<li value="2207"><set name="century">22</set><set name="year">07</set></li>#Newline		<li value="2208"><set name="century">22</set><set name="year">08</set></li>#Newline		<li value="2209"><set name="century">22</set><set name="year">09</set></li>#Newline		<li value="2210"><set name="century">22</set><set name="year">10</set></li>#Newline		<li value="2211"><set name="century">22</set><set name="year">11</set></li>#Newline		<li value="2212"><set name="century">22</set><set name="year">12</set></li>#Newline		<li value="2213"><set name="century">22</set><set name="year">13</set></li>#Newline		<li value="2214"><set name="century">22</set><set name="year">14</set></li>#Newline		<li value="2215"><set name="century">22</set><set name="year">15</set></li>#Newline		<li value="2216"><set name="century">22</set><set name="year">16</set></li>#Newline		<li value="2217"><set name="century">22</set><set name="year">17</set></li>#Newline		<li value="2218"><set name="century">22</set><set name="year">18</set></li>#Newline		<li value="2219"><set name="century">22</set><set name="year">19</set></li>#Newline		<li value="2220"><set name="century">22</set><set name="year">20</set></li>#Newline		<li value="2221"><set name="century">22</set><set name="year">21</set></li>#Newline		<li value="2222"><set name="century">22</set><set name="year">22</set></li>#Newline		<li value="2223"><set name="century">22</set><set name="year">23</set></li>#Newline		<li value="2224"><set name="century">22</set><set name="year">24</set></li>#Newline		<li value="2225"><set name="century">22</set><set name="year">25</set></li>#Newline		<li value="2226"><set name="century">22</set><set name="year">26</set></li>#Newline		<li value="2227"><set name="century">22</set><set name="year">27</set></li>#Newline		<li value="2228"><set name="century">22</set><set name="year">28</set></li>#Newline		<li value="2229"><set name="century">22</set><set name="year">29</set></li>#Newline		<li value="2230"><set name="century">22</set><set name="year">30</set></li>#Newline		<li value="2231"><set name="century">22</set><set name="year">31</set></li>#Newline		<li value="2232"><set name="century">22</set><set name="year">32</set></li>#Newline		<li value="2233"><set name="century">22</set><set name="year">33</set></li>#Newline		<li value="2234"><set name="century">22</set><set name="year">34</set></li>#Newline		<li value="2235"><set name="century">22</set><set name="year">35</set></li>#Newline		<li value="2236"><set name="century">22</set><set name="year">36</set></li>#Newline		<li value="2237"><set name="century">22</set><set name="year">37</set></li>#Newline		<li value="2238"><set name="century">22</set><set name="year">38</set></li>#Newline		<li value="2239"><set name="century">22</set><set name="year">39</set></li>#Newline		<li value="2240"><set name="century">22</set><set name="year">40</set></li>#Newline		<li value="2241"><set name="century">22</set><set name="year">41</set></li>#Newline		<li value="2242"><set name="century">22</set><set name="year">42</set></li>#Newline		<li value="2243"><set name="century">22</set><set name="year">43</set></li>#Newline		<li value="2244"><set name="century">22</set><set name="year">44</set></li>#Newline		<li value="2245"><set name="century">22</set><set name="year">45</set></li>#Newline		<li value="2246"><set name="century">22</set><set name="year">46</set></li>#Newline		<li value="2247"><set name="century">22</set><set name="year">47</set></li>#Newline		<li value="2248"><set name="century">22</set><set name="year">48</set></li>#Newline		<li value="2249"><set name="century">22</set><set name="year">49</set></li>#Newline		<li value="2250"><set name="century">22</set><set name="year">50</set></li>#Newline		<li value="2251"><set name="century">22</set><set name="year">51</set></li>#Newline		<li value="2252"><set name="century">22</set><set name="year">52</set></li>#Newline		<li value="2253"><set name="century">22</set><set name="year">53</set></li>#Newline		<li value="2254"><set name="century">22</set><set name="year">54</set></li>#Newline		<li value="2255"><set name="century">22</set><set name="year">55</set></li>#Newline		<li value="2256"><set name="century">22</set><set name="year">56</set></li>#Newline		<li value="2257"><set name="century">22</set><set name="year">57</set></li>#Newline		<li value="2258"><set name="century">22</set><set name="year">58</set></li>#Newline		<li value="2259"><set name="century">22</set><set name="year">59</set></li>#Newline		<li value="2260"><set name="century">22</set><set name="year">60</set></li>#Newline		<li value="2261"><set name="century">22</set><set name="year">61</set></li>#Newline		<li value="2262"><set name="century">22</set><set name="year">62</set></li>#Newline		<li value="2263"><set name="century">22</set><set name="year">63</set></li>#Newline		<li value="2264"><set name="century">22</set><set name="year">64</set></li>#Newline		<li value="2265"><set name="century">22</set><set name="year">65</set></li>#Newline		<li value="2266"><set name="century">22</set><set name="year">66</set></li>#Newline		<li value="2267"><set name="century">22</set><set name="year">67</set></li>#Newline		<li value="2268"><set name="century">22</set><set name="year">68</set></li>#Newline		<li value="2269"><set name="century">22</set><set name="year">69</set></li>#Newline		<li value="2270"><set name="century">22</set><set name="year">70</set></li>#Newline		<li value="2271"><set name="century">22</set><set name="year">71</set></li>#Newline		<li value="2272"><set name="century">22</set><set name="year">72</set></li>#Newline		<li value="2273"><set name="century">22</set><set name="year">73</set></li>#Newline		<li value="2274"><set name="century">22</set><set name="year">74</set></li>#Newline		<li value="2275"><set name="century">22</set><set name="year">75</set></li>#Newline		<li value="2276"><set name="century">22</set><set name="year">76</set></li>#Newline		<li value="2277"><set name="century">22</set><set name="year">77</set></li>#Newline		<li value="2278"><set name="century">22</set><set name="year">78</set></li>#Newline		<li value="2279"><set name="century">22</set><set name="year">79</set></li>#Newline		<li value="2280"><set name="century">22</set><set name="year">80</set></li>#Newline		<li value="2281"><set name="century">22</set><set name="year">81</set></li>#Newline		<li value="2282"><set name="century">22</set><set name="year">82</set></li>#Newline		<li value="2283"><set name="century">22</set><set name="year">83</set></li>#Newline		<li value="2284"><set name="century">22</set><set name="year">84</set></li>#Newline		<li value="2285"><set name="century">22</set><set name="year">85</set></li>#Newline		<li value="2286"><set name="century">22</set><set name="year">86</set></li>#Newline		<li value="2287"><set name="century">22</set><set name="year">87</set></li>#Newline		<li value="2288"><set name="century">22</set><set name="year">88</set></li>#Newline		<li value="2289"><set name="century">22</set><set name="year">89</set></li>#Newline		<li value="2290"><set name="century">22</set><set name="year">90</set></li>#Newline		<li value="2291"><set name="century">22</set><set name="year">91</set></li>#Newline		<li value="2292"><set name="century">22</set><set name="year">92</set></li>#Newline		<li value="2293"><set name="century">22</set><set name="year">93</set></li>#Newline		<li value="2294"><set name="century">22</set><set name="year">94</set></li>#Newline		<li value="2295"><set name="century">22</set><set name="year">95</set></li>#Newline		<li value="2296"><set name="century">22</set><set name="year">96</set></li>#Newline		<li value="2297"><set name="century">22</set><set name="year">97</set></li>#Newline		<li value="2298"><set name="century">22</set><set name="year">98</set></li>#Newline		<li value="2299"><set name="century">22</set><set name="year">99</set></li>#Newline	</condition>#Newline</think>,whatday_eng.aiml
